,ndcg,map,recall,precision,average_time
@1,0.12667,0.11667,0.11667,0.12667,348.62140999999997
@3,0.14062,0.13222,0.1525,0.05556,348.62140999999997
@5,0.16639,0.14694,0.21483,0.04667,348.62140999999997
@10,0.19697,0.15953,0.3055,0.034,348.62140999999997
@100,0.25615,0.17069,0.58967,0.00677,348.62140999999997
@1000,0.2961,0.17207,0.907,0.00102,348.62140999999997
